election_key,source_key,county,contest_key,contest_name_raw,contest_name_normalized,level,district,ballot_party,ballot_party_raw,reporting_scope,sha256,retrieved_at,source_published_at,parser_name,parser_version,is_unofficial,verification_status,source_url,precincts_reporting,precincts_total,reporting_status,row_type,reporting_county,precinct_code,precinct_name_raw,candidate_name_raw,candidate_name_normalized,external_candidate_id,votes,percentage_reported,result_row_key
wy-2026-primary,wy|fremont|wy-2026-primary|county_local_summary,Fremont,wy-2026-primary|county|fremont|county-commissioner-district-1|rep,REP COMMISSIONER DIST 1,County Commissioner District 1,county,,REP,REP,county,fe4a0e6e6381cbc66280ce46581f11eb98254a88a4f2f3823d370035abb143d4,2026-08-21T12:28:01Z,,county_summary_pdf_v1,1.1.4,1,needs_review,https://fremontcountywy.gov/government/elections___voting.php,,,county_complete,candidate,Fremont,,,DAVID MOSSBURG,DAVID MOSSBURG,,255,,wy|fremont|wy-2026-primary|county_local_summary|fe4a0e6e6381cbc66280ce46581f11eb98254a88a4f2f3823d370035abb143d4|wy-2026-primary|county|fremont|county-commissioner-district-1|rep|candidate|DAVID MOSSBURG|Fremont|COUNTY
wy-2026-primary,wy|fremont|wy-2026-primary|county_local_summary,Fremont,wy-2026-primary|county|fremont|county-commissioner-district-1|rep,REP COMMISSIONER DIST 1,County Commissioner District 1,county,,REP,REP,county,fe4a0e6e6381cbc66280ce46581f11eb98254a88a4f2f3823d370035abb143d4,2026-08-21T12:28:01Z,,county_summary_pdf_v1,1.1.4,1,needs_review,https://fremontcountywy.gov/government/elections___voting.php,,,county_complete,candidate,Fremont,,,CLARENCE V. THOMAS,CLARENCE V. THOMAS,,227,,wy|fremont|wy-2026-primary|county_local_summary|fe4a0e6e6381cbc66280ce46581f11eb98254a88a4f2f3823d370035abb143d4|wy-2026-primary|county|fremont|county-commissioner-district-1|rep|candidate|CLARENCE V. THOMAS|Fremont|COUNTY
wy-2026-primary,wy|fremont|wy-2026-primary|county_local_summary,Fremont,wy-2026-primary|county|fremont|county-commissioner-district-1|rep,REP COMMISSIONER DIST 1,County Commissioner District 1,county,,REP,REP,county,fe4a0e6e6381cbc66280ce46581f11eb98254a88a4f2f3823d370035abb143d4,2026-08-21T12:28:01Z,,county_summary_pdf_v1,1.1.4,1,needs_review,https://fremontcountywy.gov/government/elections___voting.php,,,county_complete,write_in_aggregate,Fremont,,,,,,4,,wy|fremont|wy-2026-primary|county_local_summary|fe4a0e6e6381cbc66280ce46581f11eb98254a88a4f2f3823d370035abb143d4|wy-2026-primary|county|fremont|county-commissioner-district-1|rep|write_in_aggregate|write_in_aggregate|Fremont|COUNTY
wy-2026-primary,wy|fremont|wy-2026-primary|county_local_summary,Fremont,wy-2026-primary|county|fremont|county-commissioner-district-3|rep,REP COMMISSIONER DIST 3,County Commissioner District 3,county,,REP,REP,county,fe4a0e6e6381cbc66280ce46581f11eb98254a88a4f2f3823d370035abb143d4,2026-08-21T12:28:01Z,,county_summary_pdf_v1,1.1.4,1,needs_review,https://fremontcountywy.gov/government/elections___voting.php,,,county_complete,candidate,Fremont,,,RON FABRIZIUS,RON FABRIZIUS,,664,,wy|fremont|wy-2026-primary|county_local_summary|fe4a0e6e6381cbc66280ce46581f11eb98254a88a4f2f3823d370035abb143d4|wy-2026-primary|county|fremont|county-commissioner-district-3|rep|candidate|RON FABRIZIUS|Fremont|COUNTY
wy-2026-primary,wy|fremont|wy-2026-primary|county_local_summary,Fremont,wy-2026-primary|county|fremont|county-commissioner-district-3|rep,REP COMMISSIONER DIST 3,County Commissioner District 3,county,,REP,REP,county,fe4a0e6e6381cbc66280ce46581f11eb98254a88a4f2f3823d370035abb143d4,2026-08-21T12:28:01Z,,county_summary_pdf_v1,1.1.4,1,needs_review,https://fremontcountywy.gov/government/elections___voting.php,,,county_complete,candidate,Fremont,,,RYAN W PRESTON,RYAN W PRESTON,,456,,wy|fremont|wy-2026-primary|county_local_summary|fe4a0e6e6381cbc66280ce46581f11eb98254a88a4f2f3823d370035abb143d4|wy-2026-primary|county|fremont|county-commissioner-district-3|rep|candidate|RYAN W PRESTON|Fremont|COUNTY
wy-2026-primary,wy|fremont|wy-2026-primary|county_local_summary,Fremont,wy-2026-primary|county|fremont|county-commissioner-district-3|rep,REP COMMISSIONER DIST 3,County Commissioner District 3,county,,REP,REP,county,fe4a0e6e6381cbc66280ce46581f11eb98254a88a4f2f3823d370035abb143d4,2026-08-21T12:28:01Z,,county_summary_pdf_v1,1.1.4,1,needs_review,https://fremontcountywy.gov/government/elections___voting.php,,,county_complete,candidate,Fremont,,,SHANELL STANLEY,SHANELL STANLEY,,762,,wy|fremont|wy-2026-primary|county_local_summary|fe4a0e6e6381cbc66280ce46581f11eb98254a88a4f2f3823d370035abb143d4|wy-2026-primary|county|fremont|county-commissioner-district-3|rep|candidate|SHANELL STANLEY|Fremont|COUNTY
wy-2026-primary,wy|fremont|wy-2026-primary|county_local_summary,Fremont,wy-2026-primary|county|fremont|county-commissioner-district-3|rep,REP COMMISSIONER DIST 3,County Commissioner District 3,county,,REP,REP,county,fe4a0e6e6381cbc66280ce46581f11eb98254a88a4f2f3823d370035abb143d4,2026-08-21T12:28:01Z,,county_summary_pdf_v1,1.1.4,1,needs_review,https://fremontcountywy.gov/government/elections___voting.php,,,county_complete,write_in_aggregate,Fremont,,,,,,6,,wy|fremont|wy-2026-primary|county_local_summary|fe4a0e6e6381cbc66280ce46581f11eb98254a88a4f2f3823d370035abb143d4|wy-2026-primary|county|fremont|county-commissioner-district-3|rep|write_in_aggregate|write_in_aggregate|Fremont|COUNTY
wy-2026-primary,wy|fremont|wy-2026-primary|county_local_summary,Fremont,wy-2026-primary|county|fremont|county-commissioner-district-4|rep,REP COMMISSIONER DISTRICT 4,County Commissioner District 4,county,,REP,REP,county,fe4a0e6e6381cbc66280ce46581f11eb98254a88a4f2f3823d370035abb143d4,2026-08-21T12:28:01Z,,county_summary_pdf_v1,1.1.4,1,needs_review,https://fremontcountywy.gov/government/elections___voting.php,,,county_complete,candidate,Fremont,,,J. D. CARPER,J. D. CARPER,,555,,wy|fremont|wy-2026-primary|county_local_summary|fe4a0e6e6381cbc66280ce46581f11eb98254a88a4f2f3823d370035abb143d4|wy-2026-primary|county|fremont|county-commissioner-district-4|rep|candidate|J. D. CARPER|Fremont|COUNTY
wy-2026-primary,wy|fremont|wy-2026-primary|county_local_summary,Fremont,wy-2026-primary|county|fremont|county-commissioner-district-4|rep,REP COMMISSIONER DISTRICT 4,County Commissioner District 4,county,,REP,REP,county,fe4a0e6e6381cbc66280ce46581f11eb98254a88a4f2f3823d370035abb143d4,2026-08-21T12:28:01Z,,county_summary_pdf_v1,1.1.4,1,needs_review,https://fremontcountywy.gov/government/elections___voting.php,,,county_complete,candidate,Fremont,,,CHRISTY HIRASAWA GABEL,CHRISTY HIRASAWA GABEL,,356,,wy|fremont|wy-2026-primary|county_local_summary|fe4a0e6e6381cbc66280ce46581f11eb98254a88a4f2f3823d370035abb143d4|wy-2026-primary|county|fremont|county-commissioner-district-4|rep|candidate|CHRISTY HIRASAWA GABEL|Fremont|COUNTY
wy-2026-primary,wy|fremont|wy-2026-primary|county_local_summary,Fremont,wy-2026-primary|county|fremont|county-commissioner-district-4|rep,REP COMMISSIONER DISTRICT 4,County Commissioner District 4,county,,REP,REP,county,fe4a0e6e6381cbc66280ce46581f11eb98254a88a4f2f3823d370035abb143d4,2026-08-21T12:28:01Z,,county_summary_pdf_v1,1.1.4,1,needs_review,https://fremontcountywy.gov/government/elections___voting.php,,,county_complete,candidate,Fremont,,,STEFF KESSLER,STEFF KESSLER,,902,,wy|fremont|wy-2026-primary|county_local_summary|fe4a0e6e6381cbc66280ce46581f11eb98254a88a4f2f3823d370035abb143d4|wy-2026-primary|county|fremont|county-commissioner-district-4|rep|candidate|STEFF KESSLER|Fremont|COUNTY
wy-2026-primary,wy|fremont|wy-2026-primary|county_local_summary,Fremont,wy-2026-primary|county|fremont|county-commissioner-district-4|rep,REP COMMISSIONER DISTRICT 4,County Commissioner District 4,county,,REP,REP,county,fe4a0e6e6381cbc66280ce46581f11eb98254a88a4f2f3823d370035abb143d4,2026-08-21T12:28:01Z,,county_summary_pdf_v1,1.1.4,1,needs_review,https://fremontcountywy.gov/government/elections___voting.php,,,county_complete,candidate,Fremont,,,JIM TAYLOR,JIM TAYLOR,,294,,wy|fremont|wy-2026-primary|county_local_summary|fe4a0e6e6381cbc66280ce46581f11eb98254a88a4f2f3823d370035abb143d4|wy-2026-primary|county|fremont|county-commissioner-district-4|rep|candidate|JIM TAYLOR|Fremont|COUNTY
wy-2026-primary,wy|fremont|wy-2026-primary|county_local_summary,Fremont,wy-2026-primary|county|fremont|county-commissioner-district-4|rep,REP COMMISSIONER DISTRICT 4,County Commissioner District 4,county,,REP,REP,county,fe4a0e6e6381cbc66280ce46581f11eb98254a88a4f2f3823d370035abb143d4,2026-08-21T12:28:01Z,,county_summary_pdf_v1,1.1.4,1,needs_review,https://fremontcountywy.gov/government/elections___voting.php,,,county_complete,candidate,Fremont,,,JEFFREY A. YOUNG,JEFFREY A. YOUNG,,238,,wy|fremont|wy-2026-primary|county_local_summary|fe4a0e6e6381cbc66280ce46581f11eb98254a88a4f2f3823d370035abb143d4|wy-2026-primary|county|fremont|county-commissioner-district-4|rep|candidate|JEFFREY A. YOUNG|Fremont|COUNTY
wy-2026-primary,wy|fremont|wy-2026-primary|county_local_summary,Fremont,wy-2026-primary|county|fremont|county-commissioner-district-4|rep,REP COMMISSIONER DISTRICT 4,County Commissioner District 4,county,,REP,REP,county,fe4a0e6e6381cbc66280ce46581f11eb98254a88a4f2f3823d370035abb143d4,2026-08-21T12:28:01Z,,county_summary_pdf_v1,1.1.4,1,needs_review,https://fremontcountywy.gov/government/elections___voting.php,,,county_complete,write_in_aggregate,Fremont,,,,,,5,,wy|fremont|wy-2026-primary|county_local_summary|fe4a0e6e6381cbc66280ce46581f11eb98254a88a4f2f3823d370035abb143d4|wy-2026-primary|county|fremont|county-commissioner-district-4|rep|write_in_aggregate|write_in_aggregate|Fremont|COUNTY
wy-2026-primary,wy|fremont|wy-2026-primary|county_local_summary,Fremont,wy-2026-primary|county|fremont|county-coroner|rep,REP CORONER,County Coroner,county,,REP,REP,county,fe4a0e6e6381cbc66280ce46581f11eb98254a88a4f2f3823d370035abb143d4,2026-08-21T12:28:01Z,,county_summary_pdf_v1,1.1.4,1,needs_review,https://fremontcountywy.gov/government/elections___voting.php,,,county_complete,candidate,Fremont,,,ERIN IVIE,ERIN IVIE,,8169,,wy|fremont|wy-2026-primary|county_local_summary|fe4a0e6e6381cbc66280ce46581f11eb98254a88a4f2f3823d370035abb143d4|wy-2026-primary|county|fremont|county-coroner|rep|candidate|ERIN IVIE|Fremont|COUNTY
wy-2026-primary,wy|fremont|wy-2026-primary|county_local_summary,Fremont,wy-2026-primary|county|fremont|county-coroner|rep,REP CORONER,County Coroner,county,,REP,REP,county,fe4a0e6e6381cbc66280ce46581f11eb98254a88a4f2f3823d370035abb143d4,2026-08-21T12:28:01Z,,county_summary_pdf_v1,1.1.4,1,needs_review,https://fremontcountywy.gov/government/elections___voting.php,,,county_complete,write_in_aggregate,Fremont,,,,,,63,,wy|fremont|wy-2026-primary|county_local_summary|fe4a0e6e6381cbc66280ce46581f11eb98254a88a4f2f3823d370035abb143d4|wy-2026-primary|county|fremont|county-coroner|rep|write_in_aggregate|write_in_aggregate|Fremont|COUNTY
wy-2026-primary,wy|fremont|wy-2026-primary|county_local_summary,Fremont,wy-2026-primary|county|fremont|county-attorney|rep,REP COUNTY ATTORNEY,County Attorney,county,,REP,REP,county,fe4a0e6e6381cbc66280ce46581f11eb98254a88a4f2f3823d370035abb143d4,2026-08-21T12:28:01Z,,county_summary_pdf_v1,1.1.4,1,needs_review,https://fremontcountywy.gov/government/elections___voting.php,,,county_complete,candidate,Fremont,,,MICAH WYATT,MICAH WYATT,,7278,,wy|fremont|wy-2026-primary|county_local_summary|fe4a0e6e6381cbc66280ce46581f11eb98254a88a4f2f3823d370035abb143d4|wy-2026-primary|county|fremont|county-attorney|rep|candidate|MICAH WYATT|Fremont|COUNTY
wy-2026-primary,wy|fremont|wy-2026-primary|county_local_summary,Fremont,wy-2026-primary|county|fremont|county-attorney|rep,REP COUNTY ATTORNEY,County Attorney,county,,REP,REP,county,fe4a0e6e6381cbc66280ce46581f11eb98254a88a4f2f3823d370035abb143d4,2026-08-21T12:28:01Z,,county_summary_pdf_v1,1.1.4,1,needs_review,https://fremontcountywy.gov/government/elections___voting.php,,,county_complete,write_in_aggregate,Fremont,,,,,,146,,wy|fremont|wy-2026-primary|county_local_summary|fe4a0e6e6381cbc66280ce46581f11eb98254a88a4f2f3823d370035abb143d4|wy-2026-primary|county|fremont|county-attorney|rep|write_in_aggregate|write_in_aggregate|Fremont|COUNTY
wy-2026-primary,wy|fremont|wy-2026-primary|county_local_summary,Fremont,wy-2026-primary|county|fremont|county-sheriff|rep,REP SHERIFF,County Sheriff,county,,REP,REP,county,fe4a0e6e6381cbc66280ce46581f11eb98254a88a4f2f3823d370035abb143d4,2026-08-21T12:28:01Z,,county_summary_pdf_v1,1.1.4,1,needs_review,https://fremontcountywy.gov/government/elections___voting.php,,,county_complete,candidate,Fremont,,,ROSS H GILES,ROSS H GILES,,214,,wy|fremont|wy-2026-primary|county_local_summary|fe4a0e6e6381cbc66280ce46581f11eb98254a88a4f2f3823d370035abb143d4|wy-2026-primary|county|fremont|county-sheriff|rep|candidate|ROSS H GILES|Fremont|COUNTY
wy-2026-primary,wy|fremont|wy-2026-primary|county_local_summary,Fremont,wy-2026-primary|county|fremont|county-sheriff|rep,REP SHERIFF,County Sheriff,county,,REP,REP,county,fe4a0e6e6381cbc66280ce46581f11eb98254a88a4f2f3823d370035abb143d4,2026-08-21T12:28:01Z,,county_summary_pdf_v1,1.1.4,1,needs_review,https://fremontcountywy.gov/government/elections___voting.php,,,county_complete,candidate,Fremont,,,MIKE HUTCHISON,MIKE HUTCHISON,,3067,,wy|fremont|wy-2026-primary|county_local_summary|fe4a0e6e6381cbc66280ce46581f11eb98254a88a4f2f3823d370035abb143d4|wy-2026-primary|county|fremont|county-sheriff|rep|candidate|MIKE HUTCHISON|Fremont|COUNTY
wy-2026-primary,wy|fremont|wy-2026-primary|county_local_summary,Fremont,wy-2026-primary|county|fremont|county-sheriff|rep,REP SHERIFF,County Sheriff,county,,REP,REP,county,fe4a0e6e6381cbc66280ce46581f11eb98254a88a4f2f3823d370035abb143d4,2026-08-21T12:28:01Z,,county_summary_pdf_v1,1.1.4,1,needs_review,https://fremontcountywy.gov/government/elections___voting.php,,,county_complete,candidate,Fremont,,,ERIC S. MURPHY,ERIC S. MURPHY,,1541,,wy|fremont|wy-2026-primary|county_local_summary|fe4a0e6e6381cbc66280ce46581f11eb98254a88a4f2f3823d370035abb143d4|wy-2026-primary|county|fremont|county-sheriff|rep|candidate|ERIC S. MURPHY|Fremont|COUNTY
wy-2026-primary,wy|fremont|wy-2026-primary|county_local_summary,Fremont,wy-2026-primary|county|fremont|county-sheriff|rep,REP SHERIFF,County Sheriff,county,,REP,REP,county,fe4a0e6e6381cbc66280ce46581f11eb98254a88a4f2f3823d370035abb143d4,2026-08-21T12:28:01Z,,county_summary_pdf_v1,1.1.4,1,needs_review,https://fremontcountywy.gov/government/elections___voting.php,,,county_complete,candidate,Fremont,,,JOHN ZERGA,JOHN ZERGA,,4451,,wy|fremont|wy-2026-primary|county_local_summary|fe4a0e6e6381cbc66280ce46581f11eb98254a88a4f2f3823d370035abb143d4|wy-2026-primary|county|fremont|county-sheriff|rep|candidate|JOHN ZERGA|Fremont|COUNTY
wy-2026-primary,wy|fremont|wy-2026-primary|county_local_summary,Fremont,wy-2026-primary|county|fremont|county-sheriff|rep,REP SHERIFF,County Sheriff,county,,REP,REP,county,fe4a0e6e6381cbc66280ce46581f11eb98254a88a4f2f3823d370035abb143d4,2026-08-21T12:28:01Z,,county_summary_pdf_v1,1.1.4,1,needs_review,https://fremontcountywy.gov/government/elections___voting.php,,,county_complete,write_in_aggregate,Fremont,,,,,,20,,wy|fremont|wy-2026-primary|county_local_summary|fe4a0e6e6381cbc66280ce46581f11eb98254a88a4f2f3823d370035abb143d4|wy-2026-primary|county|fremont|county-sheriff|rep|write_in_aggregate|write_in_aggregate|Fremont|COUNTY
wy-2026-primary,wy|fremont|wy-2026-primary|county_local_summary,Fremont,wy-2026-primary|county|fremont|county-clerk|rep,REP CLERK,County Clerk,county,,REP,REP,county,fe4a0e6e6381cbc66280ce46581f11eb98254a88a4f2f3823d370035abb143d4,2026-08-21T12:28:01Z,,county_summary_pdf_v1,1.1.4,1,needs_review,https://fremontcountywy.gov/government/elections___voting.php,,,county_complete,candidate,Fremont,,,JULIE A FREESE,JULIE A FREESE,,7936,,wy|fremont|wy-2026-primary|county_local_summary|fe4a0e6e6381cbc66280ce46581f11eb98254a88a4f2f3823d370035abb143d4|wy-2026-primary|county|fremont|county-clerk|rep|candidate|JULIE A FREESE|Fremont|COUNTY
wy-2026-primary,wy|fremont|wy-2026-primary|county_local_summary,Fremont,wy-2026-primary|county|fremont|county-clerk|rep,REP CLERK,County Clerk,county,,REP,REP,county,fe4a0e6e6381cbc66280ce46581f11eb98254a88a4f2f3823d370035abb143d4,2026-08-21T12:28:01Z,,county_summary_pdf_v1,1.1.4,1,needs_review,https://fremontcountywy.gov/government/elections___voting.php,,,county_complete,write_in_aggregate,Fremont,,,,,,229,,wy|fremont|wy-2026-primary|county_local_summary|fe4a0e6e6381cbc66280ce46581f11eb98254a88a4f2f3823d370035abb143d4|wy-2026-primary|county|fremont|county-clerk|rep|write_in_aggregate|write_in_aggregate|Fremont|COUNTY
wy-2026-primary,wy|fremont|wy-2026-primary|county_local_summary,Fremont,wy-2026-primary|county|fremont|county-treasurer|rep,REP TREASURER,County Treasurer,county,,REP,REP,county,fe4a0e6e6381cbc66280ce46581f11eb98254a88a4f2f3823d370035abb143d4,2026-08-21T12:28:01Z,,county_summary_pdf_v1,1.1.4,1,needs_review,https://fremontcountywy.gov/government/elections___voting.php,,,county_complete,candidate,Fremont,,,JAMES A. ANDERSON,JAMES A. ANDERSON,,7573,,wy|fremont|wy-2026-primary|county_local_summary|fe4a0e6e6381cbc66280ce46581f11eb98254a88a4f2f3823d370035abb143d4|wy-2026-primary|county|fremont|county-treasurer|rep|candidate|JAMES A. ANDERSON|Fremont|COUNTY
wy-2026-primary,wy|fremont|wy-2026-primary|county_local_summary,Fremont,wy-2026-primary|county|fremont|county-treasurer|rep,REP TREASURER,County Treasurer,county,,REP,REP,county,fe4a0e6e6381cbc66280ce46581f11eb98254a88a4f2f3823d370035abb143d4,2026-08-21T12:28:01Z,,county_summary_pdf_v1,1.1.4,1,needs_review,https://fremontcountywy.gov/government/elections___voting.php,,,county_complete,write_in_aggregate,Fremont,,,,,,75,,wy|fremont|wy-2026-primary|county_local_summary|fe4a0e6e6381cbc66280ce46581f11eb98254a88a4f2f3823d370035abb143d4|wy-2026-primary|county|fremont|county-treasurer|rep|write_in_aggregate|write_in_aggregate|Fremont|COUNTY
wy-2026-primary,wy|fremont|wy-2026-primary|county_local_summary,Fremont,wy-2026-primary|county|fremont|county-assessor|rep,REP ASSESSOR,County Assessor,county,,REP,REP,county,fe4a0e6e6381cbc66280ce46581f11eb98254a88a4f2f3823d370035abb143d4,2026-08-21T12:28:01Z,,county_summary_pdf_v1,1.1.4,1,needs_review,https://fremontcountywy.gov/government/elections___voting.php,,,county_complete,candidate,Fremont,,,TARA M BERG,TARA M BERG,,7811,,wy|fremont|wy-2026-primary|county_local_summary|fe4a0e6e6381cbc66280ce46581f11eb98254a88a4f2f3823d370035abb143d4|wy-2026-primary|county|fremont|county-assessor|rep|candidate|TARA M BERG|Fremont|COUNTY
wy-2026-primary,wy|fremont|wy-2026-primary|county_local_summary,Fremont,wy-2026-primary|county|fremont|county-assessor|rep,REP ASSESSOR,County Assessor,county,,REP,REP,county,fe4a0e6e6381cbc66280ce46581f11eb98254a88a4f2f3823d370035abb143d4,2026-08-21T12:28:01Z,,county_summary_pdf_v1,1.1.4,1,needs_review,https://fremontcountywy.gov/government/elections___voting.php,,,county_complete,write_in_aggregate,Fremont,,,,,,223,,wy|fremont|wy-2026-primary|county_local_summary|fe4a0e6e6381cbc66280ce46581f11eb98254a88a4f2f3823d370035abb143d4|wy-2026-primary|county|fremont|county-assessor|rep|write_in_aggregate|write_in_aggregate|Fremont|COUNTY
wy-2026-primary,wy|fremont|wy-2026-primary|county_local_summary,Fremont,wy-2026-primary|county|fremont|clerk-of-district-court|rep,REP CLERK DIST COURT,Clerk Of District Court,county,,REP,REP,county,fe4a0e6e6381cbc66280ce46581f11eb98254a88a4f2f3823d370035abb143d4,2026-08-21T12:28:01Z,,county_summary_pdf_v1,1.1.4,1,needs_review,https://fremontcountywy.gov/government/elections___voting.php,,,county_complete,candidate,Fremont,,,AMANDA R. SANCHEZ,AMANDA R. SANCHEZ,,7572,,wy|fremont|wy-2026-primary|county_local_summary|fe4a0e6e6381cbc66280ce46581f11eb98254a88a4f2f3823d370035abb143d4|wy-2026-primary|county|fremont|clerk-of-district-court|rep|candidate|AMANDA R. SANCHEZ|Fremont|COUNTY
wy-2026-primary,wy|fremont|wy-2026-primary|county_local_summary,Fremont,wy-2026-primary|county|fremont|clerk-of-district-court|rep,REP CLERK DIST COURT,Clerk Of District Court,county,,REP,REP,county,fe4a0e6e6381cbc66280ce46581f11eb98254a88a4f2f3823d370035abb143d4,2026-08-21T12:28:01Z,,county_summary_pdf_v1,1.1.4,1,needs_review,https://fremontcountywy.gov/government/elections___voting.php,,,county_complete,write_in_aggregate,Fremont,,,,,,40,,wy|fremont|wy-2026-primary|county_local_summary|fe4a0e6e6381cbc66280ce46581f11eb98254a88a4f2f3823d370035abb143d4|wy-2026-primary|county|fremont|clerk-of-district-court|rep|write_in_aggregate|write_in_aggregate|Fremont|COUNTY
wy-2026-primary,wy|fremont|wy-2026-primary|county_local_summary,Fremont,wy-2026-primary|county|fremont|county-commissioner-district-1|dem,DEM COMMISSIONER DIST 1,County Commissioner District 1,county,,DEM,DEM,county,fe4a0e6e6381cbc66280ce46581f11eb98254a88a4f2f3823d370035abb143d4,2026-08-21T12:28:01Z,,county_summary_pdf_v1,1.1.4,1,needs_review,https://fremontcountywy.gov/government/elections___voting.php,,,county_complete,write_in_aggregate,Fremont,,,,,,9,,wy|fremont|wy-2026-primary|county_local_summary|fe4a0e6e6381cbc66280ce46581f11eb98254a88a4f2f3823d370035abb143d4|wy-2026-primary|county|fremont|county-commissioner-district-1|dem|write_in_aggregate|write_in_aggregate|Fremont|COUNTY
wy-2026-primary,wy|fremont|wy-2026-primary|county_local_summary,Fremont,wy-2026-primary|county|fremont|county-commissioner-district-3|dem,DEM COMMISSIONER DIST 3,County Commissioner District 3,county,,DEM,DEM,county,fe4a0e6e6381cbc66280ce46581f11eb98254a88a4f2f3823d370035abb143d4,2026-08-21T12:28:01Z,,county_summary_pdf_v1,1.1.4,1,needs_review,https://fremontcountywy.gov/government/elections___voting.php,,,county_complete,write_in_aggregate,Fremont,,,,,,14,,wy|fremont|wy-2026-primary|county_local_summary|fe4a0e6e6381cbc66280ce46581f11eb98254a88a4f2f3823d370035abb143d4|wy-2026-primary|county|fremont|county-commissioner-district-3|dem|write_in_aggregate|write_in_aggregate|Fremont|COUNTY
wy-2026-primary,wy|fremont|wy-2026-primary|county_local_summary,Fremont,wy-2026-primary|county|fremont|county-commissioner-district-4|dem,DEM COMMISSIONER DISTRICT 4 DISTRICT 4,County Commissioner District 4,county,,DEM,DEM,county,fe4a0e6e6381cbc66280ce46581f11eb98254a88a4f2f3823d370035abb143d4,2026-08-21T12:28:01Z,,county_summary_pdf_v1,1.1.4,1,needs_review,https://fremontcountywy.gov/government/elections___voting.php,,,county_complete,write_in_aggregate,Fremont,,,,,,19,,wy|fremont|wy-2026-primary|county_local_summary|fe4a0e6e6381cbc66280ce46581f11eb98254a88a4f2f3823d370035abb143d4|wy-2026-primary|county|fremont|county-commissioner-district-4|dem|write_in_aggregate|write_in_aggregate|Fremont|COUNTY
wy-2026-primary,wy|fremont|wy-2026-primary|county_local_summary,Fremont,wy-2026-primary|county|fremont|county-coroner|dem,DEM CORONER,County Coroner,county,,DEM,DEM,county,fe4a0e6e6381cbc66280ce46581f11eb98254a88a4f2f3823d370035abb143d4,2026-08-21T12:28:01Z,,county_summary_pdf_v1,1.1.4,1,needs_review,https://fremontcountywy.gov/government/elections___voting.php,,,county_complete,write_in_aggregate,Fremont,,,,,,51,,wy|fremont|wy-2026-primary|county_local_summary|fe4a0e6e6381cbc66280ce46581f11eb98254a88a4f2f3823d370035abb143d4|wy-2026-primary|county|fremont|county-coroner|dem|write_in_aggregate|write_in_aggregate|Fremont|COUNTY
wy-2026-primary,wy|fremont|wy-2026-primary|county_local_summary,Fremont,wy-2026-primary|county|fremont|county-attorney|dem,DEM COUNTY ATTORNEY,County Attorney,county,,DEM,DEM,county,fe4a0e6e6381cbc66280ce46581f11eb98254a88a4f2f3823d370035abb143d4,2026-08-21T12:28:01Z,,county_summary_pdf_v1,1.1.4,1,needs_review,https://fremontcountywy.gov/government/elections___voting.php,,,county_complete,write_in_aggregate,Fremont,,,,,,38,,wy|fremont|wy-2026-primary|county_local_summary|fe4a0e6e6381cbc66280ce46581f11eb98254a88a4f2f3823d370035abb143d4|wy-2026-primary|county|fremont|county-attorney|dem|write_in_aggregate|write_in_aggregate|Fremont|COUNTY
wy-2026-primary,wy|fremont|wy-2026-primary|county_local_summary,Fremont,wy-2026-primary|county|fremont|county-sheriff|dem,DEM SHERIFF,County Sheriff,county,,DEM,DEM,county,fe4a0e6e6381cbc66280ce46581f11eb98254a88a4f2f3823d370035abb143d4,2026-08-21T12:28:01Z,,county_summary_pdf_v1,1.1.4,1,needs_review,https://fremontcountywy.gov/government/elections___voting.php,,,county_complete,write_in_aggregate,Fremont,,,,,,126,,wy|fremont|wy-2026-primary|county_local_summary|fe4a0e6e6381cbc66280ce46581f11eb98254a88a4f2f3823d370035abb143d4|wy-2026-primary|county|fremont|county-sheriff|dem|write_in_aggregate|write_in_aggregate|Fremont|COUNTY
wy-2026-primary,wy|fremont|wy-2026-primary|county_local_summary,Fremont,wy-2026-primary|county|fremont|county-clerk|dem,DEM CLERK,County Clerk,county,,DEM,DEM,county,fe4a0e6e6381cbc66280ce46581f11eb98254a88a4f2f3823d370035abb143d4,2026-08-21T12:28:01Z,,county_summary_pdf_v1,1.1.4,1,needs_review,https://fremontcountywy.gov/government/elections___voting.php,,,county_complete,write_in_aggregate,Fremont,,,,,,41,,wy|fremont|wy-2026-primary|county_local_summary|fe4a0e6e6381cbc66280ce46581f11eb98254a88a4f2f3823d370035abb143d4|wy-2026-primary|county|fremont|county-clerk|dem|write_in_aggregate|write_in_aggregate|Fremont|COUNTY
wy-2026-primary,wy|fremont|wy-2026-primary|county_local_summary,Fremont,wy-2026-primary|county|fremont|county-treasurer|dem,DEM TREASURER,County Treasurer,county,,DEM,DEM,county,fe4a0e6e6381cbc66280ce46581f11eb98254a88a4f2f3823d370035abb143d4,2026-08-21T12:28:01Z,,county_summary_pdf_v1,1.1.4,1,needs_review,https://fremontcountywy.gov/government/elections___voting.php,,,county_complete,write_in_aggregate,Fremont,,,,,,37,,wy|fremont|wy-2026-primary|county_local_summary|fe4a0e6e6381cbc66280ce46581f11eb98254a88a4f2f3823d370035abb143d4|wy-2026-primary|county|fremont|county-treasurer|dem|write_in_aggregate|write_in_aggregate|Fremont|COUNTY
wy-2026-primary,wy|fremont|wy-2026-primary|county_local_summary,Fremont,wy-2026-primary|county|fremont|county-assessor|dem,DEM ASSESSOR,County Assessor,county,,DEM,DEM,county,fe4a0e6e6381cbc66280ce46581f11eb98254a88a4f2f3823d370035abb143d4,2026-08-21T12:28:01Z,,county_summary_pdf_v1,1.1.4,1,needs_review,https://fremontcountywy.gov/government/elections___voting.php,,,county_complete,write_in_aggregate,Fremont,,,,,,29,,wy|fremont|wy-2026-primary|county_local_summary|fe4a0e6e6381cbc66280ce46581f11eb98254a88a4f2f3823d370035abb143d4|wy-2026-primary|county|fremont|county-assessor|dem|write_in_aggregate|write_in_aggregate|Fremont|COUNTY
wy-2026-primary,wy|fremont|wy-2026-primary|county_local_summary,Fremont,wy-2026-primary|county|fremont|clerk-of-district-court|dem,DEM CLERK DIST COURT,Clerk Of District Court,county,,DEM,DEM,county,fe4a0e6e6381cbc66280ce46581f11eb98254a88a4f2f3823d370035abb143d4,2026-08-21T12:28:01Z,,county_summary_pdf_v1,1.1.4,1,needs_review,https://fremontcountywy.gov/government/elections___voting.php,,,county_complete,write_in_aggregate,Fremont,,,,,,33,,wy|fremont|wy-2026-primary|county_local_summary|fe4a0e6e6381cbc66280ce46581f11eb98254a88a4f2f3823d370035abb143d4|wy-2026-primary|county|fremont|clerk-of-district-court|dem|write_in_aggregate|write_in_aggregate|Fremont|COUNTY
wy-2026-primary,wy|fremont|wy-2026-primary|county_local_summary,Fremont,wy-2026-primary|city|fremont|dubois-mayor|na,DUBOIS MAYOR,Dubois Mayor,city,,,,city,fe4a0e6e6381cbc66280ce46581f11eb98254a88a4f2f3823d370035abb143d4,2026-08-21T12:28:01Z,,county_summary_pdf_v1,1.1.4,1,needs_review,https://fremontcountywy.gov/government/elections___voting.php,,,county_complete,candidate,Fremont,,,PATRICIA NEVEAUX,PATRICIA NEVEAUX,,151,,wy|fremont|wy-2026-primary|county_local_summary|fe4a0e6e6381cbc66280ce46581f11eb98254a88a4f2f3823d370035abb143d4|wy-2026-primary|city|fremont|dubois-mayor|na|candidate|PATRICIA NEVEAUX|Fremont|COUNTY
wy-2026-primary,wy|fremont|wy-2026-primary|county_local_summary,Fremont,wy-2026-primary|city|fremont|dubois-mayor|na,DUBOIS MAYOR,Dubois Mayor,city,,,,city,fe4a0e6e6381cbc66280ce46581f11eb98254a88a4f2f3823d370035abb143d4,2026-08-21T12:28:01Z,,county_summary_pdf_v1,1.1.4,1,needs_review,https://fremontcountywy.gov/government/elections___voting.php,,,county_complete,candidate,Fremont,,,DAVID FURMAN,DAVID FURMAN,,141,,wy|fremont|wy-2026-primary|county_local_summary|fe4a0e6e6381cbc66280ce46581f11eb98254a88a4f2f3823d370035abb143d4|wy-2026-primary|city|fremont|dubois-mayor|na|candidate|DAVID FURMAN|Fremont|COUNTY
wy-2026-primary,wy|fremont|wy-2026-primary|county_local_summary,Fremont,wy-2026-primary|city|fremont|dubois-mayor|na,DUBOIS MAYOR,Dubois Mayor,city,,,,city,fe4a0e6e6381cbc66280ce46581f11eb98254a88a4f2f3823d370035abb143d4,2026-08-21T12:28:01Z,,county_summary_pdf_v1,1.1.4,1,needs_review,https://fremontcountywy.gov/government/elections___voting.php,,,county_complete,write_in_aggregate,Fremont,,,,,,6,,wy|fremont|wy-2026-primary|county_local_summary|fe4a0e6e6381cbc66280ce46581f11eb98254a88a4f2f3823d370035abb143d4|wy-2026-primary|city|fremont|dubois-mayor|na|write_in_aggregate|write_in_aggregate|Fremont|COUNTY
wy-2026-primary,wy|fremont|wy-2026-primary|county_local_summary,Fremont,wy-2026-primary|city|fremont|dubois-council|na,DUBOIS COUNCIL,Dubois Council,city,,,,city,fe4a0e6e6381cbc66280ce46581f11eb98254a88a4f2f3823d370035abb143d4,2026-08-21T12:28:01Z,,county_summary_pdf_v1,1.1.4,1,needs_review,https://fremontcountywy.gov/government/elections___voting.php,,,county_complete,candidate,Fremont,,,MIKE STRASSER,MIKE STRASSER,,242,,wy|fremont|wy-2026-primary|county_local_summary|fe4a0e6e6381cbc66280ce46581f11eb98254a88a4f2f3823d370035abb143d4|wy-2026-primary|city|fremont|dubois-council|na|candidate|MIKE STRASSER|Fremont|COUNTY
wy-2026-primary,wy|fremont|wy-2026-primary|county_local_summary,Fremont,wy-2026-primary|city|fremont|dubois-council|na,DUBOIS COUNCIL,Dubois Council,city,,,,city,fe4a0e6e6381cbc66280ce46581f11eb98254a88a4f2f3823d370035abb143d4,2026-08-21T12:28:01Z,,county_summary_pdf_v1,1.1.4,1,needs_review,https://fremontcountywy.gov/government/elections___voting.php,,,county_complete,candidate,Fremont,,,AMANDA YSEN,AMANDA YSEN,,201,,wy|fremont|wy-2026-primary|county_local_summary|fe4a0e6e6381cbc66280ce46581f11eb98254a88a4f2f3823d370035abb143d4|wy-2026-primary|city|fremont|dubois-council|na|candidate|AMANDA YSEN|Fremont|COUNTY
wy-2026-primary,wy|fremont|wy-2026-primary|county_local_summary,Fremont,wy-2026-primary|city|fremont|dubois-council|na,DUBOIS COUNCIL,Dubois Council,city,,,,city,fe4a0e6e6381cbc66280ce46581f11eb98254a88a4f2f3823d370035abb143d4,2026-08-21T12:28:01Z,,county_summary_pdf_v1,1.1.4,1,needs_review,https://fremontcountywy.gov/government/elections___voting.php,,,county_complete,write_in_aggregate,Fremont,,,,,,10,,wy|fremont|wy-2026-primary|county_local_summary|fe4a0e6e6381cbc66280ce46581f11eb98254a88a4f2f3823d370035abb143d4|wy-2026-primary|city|fremont|dubois-council|na|write_in_aggregate|write_in_aggregate|Fremont|COUNTY
wy-2026-primary,wy|fremont|wy-2026-primary|county_local_summary,Fremont,wy-2026-primary|city|fremont|hudson-mayor|na,HUDSON MAYOR,Hudson Mayor,city,,,,city,fe4a0e6e6381cbc66280ce46581f11eb98254a88a4f2f3823d370035abb143d4,2026-08-21T12:28:01Z,,county_summary_pdf_v1,1.1.4,1,needs_review,https://fremontcountywy.gov/government/elections___voting.php,,,county_complete,candidate,Fremont,,,MARILYN V. ROBINSON,MARILYN V. ROBINSON,,90,,wy|fremont|wy-2026-primary|county_local_summary|fe4a0e6e6381cbc66280ce46581f11eb98254a88a4f2f3823d370035abb143d4|wy-2026-primary|city|fremont|hudson-mayor|na|candidate|MARILYN V. ROBINSON|Fremont|COUNTY
wy-2026-primary,wy|fremont|wy-2026-primary|county_local_summary,Fremont,wy-2026-primary|city|fremont|hudson-mayor|na,HUDSON MAYOR,Hudson Mayor,city,,,,city,fe4a0e6e6381cbc66280ce46581f11eb98254a88a4f2f3823d370035abb143d4,2026-08-21T12:28:01Z,,county_summary_pdf_v1,1.1.4,1,needs_review,https://fremontcountywy.gov/government/elections___voting.php,,,county_complete,write_in_aggregate,Fremont,,,,,,20,,wy|fremont|wy-2026-primary|county_local_summary|fe4a0e6e6381cbc66280ce46581f11eb98254a88a4f2f3823d370035abb143d4|wy-2026-primary|city|fremont|hudson-mayor|na|write_in_aggregate|write_in_aggregate|Fremont|COUNTY
wy-2026-primary,wy|fremont|wy-2026-primary|county_local_summary,Fremont,wy-2026-primary|city|fremont|hudson-council|na,HUDSON COUNCIL,Hudson Council,city,,,,city,fe4a0e6e6381cbc66280ce46581f11eb98254a88a4f2f3823d370035abb143d4,2026-08-21T12:28:01Z,,county_summary_pdf_v1,1.1.4,1,needs_review,https://fremontcountywy.gov/government/elections___voting.php,,,county_complete,candidate,Fremont,,,JERRICA B FLOM,JERRICA B FLOM,,43,,wy|fremont|wy-2026-primary|county_local_summary|fe4a0e6e6381cbc66280ce46581f11eb98254a88a4f2f3823d370035abb143d4|wy-2026-primary|city|fremont|hudson-council|na|candidate|JERRICA B FLOM|Fremont|COUNTY
wy-2026-primary,wy|fremont|wy-2026-primary|county_local_summary,Fremont,wy-2026-primary|city|fremont|hudson-council|na,HUDSON COUNCIL,Hudson Council,city,,,,city,fe4a0e6e6381cbc66280ce46581f11eb98254a88a4f2f3823d370035abb143d4,2026-08-21T12:28:01Z,,county_summary_pdf_v1,1.1.4,1,needs_review,https://fremontcountywy.gov/government/elections___voting.php,,,county_complete,candidate,Fremont,,,HELEN J GORDON,HELEN J GORDON,,57,,wy|fremont|wy-2026-primary|county_local_summary|fe4a0e6e6381cbc66280ce46581f11eb98254a88a4f2f3823d370035abb143d4|wy-2026-primary|city|fremont|hudson-council|na|candidate|HELEN J GORDON|Fremont|COUNTY
wy-2026-primary,wy|fremont|wy-2026-primary|county_local_summary,Fremont,wy-2026-primary|city|fremont|hudson-council|na,HUDSON COUNCIL,Hudson Council,city,,,,city,fe4a0e6e6381cbc66280ce46581f11eb98254a88a4f2f3823d370035abb143d4,2026-08-21T12:28:01Z,,county_summary_pdf_v1,1.1.4,1,needs_review,https://fremontcountywy.gov/government/elections___voting.php,,,county_complete,candidate,Fremont,,,DANIEL (DANNY) SVILAR,DANIEL (DANNY) SVILAR,,61,,wy|fremont|wy-2026-primary|county_local_summary|fe4a0e6e6381cbc66280ce46581f11eb98254a88a4f2f3823d370035abb143d4|wy-2026-primary|city|fremont|hudson-council|na|candidate|DANIEL (DANNY) SVILAR|Fremont|COUNTY
wy-2026-primary,wy|fremont|wy-2026-primary|county_local_summary,Fremont,wy-2026-primary|city|fremont|hudson-council|na,HUDSON COUNCIL,Hudson Council,city,,,,city,fe4a0e6e6381cbc66280ce46581f11eb98254a88a4f2f3823d370035abb143d4,2026-08-21T12:28:01Z,,county_summary_pdf_v1,1.1.4,1,needs_review,https://fremontcountywy.gov/government/elections___voting.php,,,county_complete,candidate,Fremont,,,JERRY D. TUCKER,JERRY D. TUCKER,,51,,wy|fremont|wy-2026-primary|county_local_summary|fe4a0e6e6381cbc66280ce46581f11eb98254a88a4f2f3823d370035abb143d4|wy-2026-primary|city|fremont|hudson-council|na|candidate|JERRY D. TUCKER|Fremont|COUNTY
wy-2026-primary,wy|fremont|wy-2026-primary|county_local_summary,Fremont,wy-2026-primary|city|fremont|hudson-council|na,HUDSON COUNCIL,Hudson Council,city,,,,city,fe4a0e6e6381cbc66280ce46581f11eb98254a88a4f2f3823d370035abb143d4,2026-08-21T12:28:01Z,,county_summary_pdf_v1,1.1.4,1,needs_review,https://fremontcountywy.gov/government/elections___voting.php,,,county_complete,write_in_aggregate,Fremont,,,,,,5,,wy|fremont|wy-2026-primary|county_local_summary|fe4a0e6e6381cbc66280ce46581f11eb98254a88a4f2f3823d370035abb143d4|wy-2026-primary|city|fremont|hudson-council|na|write_in_aggregate|write_in_aggregate|Fremont|COUNTY
wy-2026-primary,wy|fremont|wy-2026-primary|county_local_summary,Fremont,wy-2026-primary|city|fremont|lander-mayor|na,LANDER MAYOR,Lander Mayor,city,,,,city,fe4a0e6e6381cbc66280ce46581f11eb98254a88a4f2f3823d370035abb143d4,2026-08-21T12:28:01Z,,county_summary_pdf_v1,1.1.4,1,needs_review,https://fremontcountywy.gov/government/elections___voting.php,,,county_complete,candidate,Fremont,,,ALAN MCOMIE,ALAN MCOMIE,,406,,wy|fremont|wy-2026-primary|county_local_summary|fe4a0e6e6381cbc66280ce46581f11eb98254a88a4f2f3823d370035abb143d4|wy-2026-primary|city|fremont|lander-mayor|na|candidate|ALAN MCOMIE|Fremont|COUNTY
wy-2026-primary,wy|fremont|wy-2026-primary|county_local_summary,Fremont,wy-2026-primary|city|fremont|lander-mayor|na,LANDER MAYOR,Lander Mayor,city,,,,city,fe4a0e6e6381cbc66280ce46581f11eb98254a88a4f2f3823d370035abb143d4,2026-08-21T12:28:01Z,,county_summary_pdf_v1,1.1.4,1,needs_review,https://fremontcountywy.gov/government/elections___voting.php,,,county_complete,candidate,Fremont,,,MICHELLE B MOTHERWAY,MICHELLE B MOTHERWAY,,1089,,wy|fremont|wy-2026-primary|county_local_summary|fe4a0e6e6381cbc66280ce46581f11eb98254a88a4f2f3823d370035abb143d4|wy-2026-primary|city|fremont|lander-mayor|na|candidate|MICHELLE B MOTHERWAY|Fremont|COUNTY
wy-2026-primary,wy|fremont|wy-2026-primary|county_local_summary,Fremont,wy-2026-primary|city|fremont|lander-mayor|na,LANDER MAYOR,Lander Mayor,city,,,,city,fe4a0e6e6381cbc66280ce46581f11eb98254a88a4f2f3823d370035abb143d4,2026-08-21T12:28:01Z,,county_summary_pdf_v1,1.1.4,1,needs_review,https://fremontcountywy.gov/government/elections___voting.php,,,county_complete,candidate,Fremont,,,MISSY WHITE,MISSY WHITE,,1053,,wy|fremont|wy-2026-primary|county_local_summary|fe4a0e6e6381cbc66280ce46581f11eb98254a88a4f2f3823d370035abb143d4|wy-2026-primary|city|fremont|lander-mayor|na|candidate|MISSY WHITE|Fremont|COUNTY
wy-2026-primary,wy|fremont|wy-2026-primary|county_local_summary,Fremont,wy-2026-primary|city|fremont|lander-mayor|na,LANDER MAYOR,Lander Mayor,city,,,,city,fe4a0e6e6381cbc66280ce46581f11eb98254a88a4f2f3823d370035abb143d4,2026-08-21T12:28:01Z,,county_summary_pdf_v1,1.1.4,1,needs_review,https://fremontcountywy.gov/government/elections___voting.php,,,county_complete,write_in_aggregate,Fremont,,,,,,12,,wy|fremont|wy-2026-primary|county_local_summary|fe4a0e6e6381cbc66280ce46581f11eb98254a88a4f2f3823d370035abb143d4|wy-2026-primary|city|fremont|lander-mayor|na|write_in_aggregate|write_in_aggregate|Fremont|COUNTY
wy-2026-primary,wy|fremont|wy-2026-primary|county_local_summary,Fremont,wy-2026-primary|city|fremont|lander-council-ward-1|na,LANDER COUNCIL WARD 1,Lander Council Ward 1,city,,,,city,fe4a0e6e6381cbc66280ce46581f11eb98254a88a4f2f3823d370035abb143d4,2026-08-21T12:28:01Z,,county_summary_pdf_v1,1.1.4,1,needs_review,https://fremontcountywy.gov/government/elections___voting.php,,,county_complete,candidate,Fremont,,,MIKE BOX,MIKE BOX,,65,,wy|fremont|wy-2026-primary|county_local_summary|fe4a0e6e6381cbc66280ce46581f11eb98254a88a4f2f3823d370035abb143d4|wy-2026-primary|city|fremont|lander-council-ward-1|na|candidate|MIKE BOX|Fremont|COUNTY
wy-2026-primary,wy|fremont|wy-2026-primary|county_local_summary,Fremont,wy-2026-primary|city|fremont|lander-council-ward-1|na,LANDER COUNCIL WARD 1,Lander Council Ward 1,city,,,,city,fe4a0e6e6381cbc66280ce46581f11eb98254a88a4f2f3823d370035abb143d4,2026-08-21T12:28:01Z,,county_summary_pdf_v1,1.1.4,1,needs_review,https://fremontcountywy.gov/government/elections___voting.php,,,county_complete,candidate,Fremont,,,GEORGE CASE,GEORGE CASE,,344,,wy|fremont|wy-2026-primary|county_local_summary|fe4a0e6e6381cbc66280ce46581f11eb98254a88a4f2f3823d370035abb143d4|wy-2026-primary|city|fremont|lander-council-ward-1|na|candidate|GEORGE CASE|Fremont|COUNTY
wy-2026-primary,wy|fremont|wy-2026-primary|county_local_summary,Fremont,wy-2026-primary|city|fremont|lander-council-ward-1|na,LANDER COUNCIL WARD 1,Lander Council Ward 1,city,,,,city,fe4a0e6e6381cbc66280ce46581f11eb98254a88a4f2f3823d370035abb143d4,2026-08-21T12:28:01Z,,county_summary_pdf_v1,1.1.4,1,needs_review,https://fremontcountywy.gov/government/elections___voting.php,,,county_complete,candidate,Fremont,,,OAKLEY CORSICK-BOYCOTT,OAKLEY CORSICK-BOYCOTT,,156,,wy|fremont|wy-2026-primary|county_local_summary|fe4a0e6e6381cbc66280ce46581f11eb98254a88a4f2f3823d370035abb143d4|wy-2026-primary|city|fremont|lander-council-ward-1|na|candidate|OAKLEY CORSICK-BOYCOTT|Fremont|COUNTY
wy-2026-primary,wy|fremont|wy-2026-primary|county_local_summary,Fremont,wy-2026-primary|city|fremont|lander-council-ward-1|na,LANDER COUNCIL WARD 1,Lander Council Ward 1,city,,,,city,fe4a0e6e6381cbc66280ce46581f11eb98254a88a4f2f3823d370035abb143d4,2026-08-21T12:28:01Z,,county_summary_pdf_v1,1.1.4,1,needs_review,https://fremontcountywy.gov/government/elections___voting.php,,,county_complete,candidate,Fremont,,,JENNY YOUNG,JENNY YOUNG,,165,,wy|fremont|wy-2026-primary|county_local_summary|fe4a0e6e6381cbc66280ce46581f11eb98254a88a4f2f3823d370035abb143d4|wy-2026-primary|city|fremont|lander-council-ward-1|na|candidate|JENNY YOUNG|Fremont|COUNTY
wy-2026-primary,wy|fremont|wy-2026-primary|county_local_summary,Fremont,wy-2026-primary|city|fremont|lander-council-ward-1|na,LANDER COUNCIL WARD 1,Lander Council Ward 1,city,,,,city,fe4a0e6e6381cbc66280ce46581f11eb98254a88a4f2f3823d370035abb143d4,2026-08-21T12:28:01Z,,county_summary_pdf_v1,1.1.4,1,needs_review,https://fremontcountywy.gov/government/elections___voting.php,,,county_complete,write_in_aggregate,Fremont,,,,,,8,,wy|fremont|wy-2026-primary|county_local_summary|fe4a0e6e6381cbc66280ce46581f11eb98254a88a4f2f3823d370035abb143d4|wy-2026-primary|city|fremont|lander-council-ward-1|na|write_in_aggregate|write_in_aggregate|Fremont|COUNTY
wy-2026-primary,wy|fremont|wy-2026-primary|county_local_summary,Fremont,wy-2026-primary|city|fremont|lander-council-ward-2|na,LANDER COUNCIL WARD 2,Lander Council Ward 2,city,,,,city,fe4a0e6e6381cbc66280ce46581f11eb98254a88a4f2f3823d370035abb143d4,2026-08-21T12:28:01Z,,county_summary_pdf_v1,1.1.4,1,needs_review,https://fremontcountywy.gov/government/elections___voting.php,,,county_complete,candidate,Fremont,,,CHAD CASSADY,CHAD CASSADY,,384,,wy|fremont|wy-2026-primary|county_local_summary|fe4a0e6e6381cbc66280ce46581f11eb98254a88a4f2f3823d370035abb143d4|wy-2026-primary|city|fremont|lander-council-ward-2|na|candidate|CHAD CASSADY|Fremont|COUNTY
wy-2026-primary,wy|fremont|wy-2026-primary|county_local_summary,Fremont,wy-2026-primary|city|fremont|lander-council-ward-2|na,LANDER COUNCIL WARD 2,Lander Council Ward 2,city,,,,city,fe4a0e6e6381cbc66280ce46581f11eb98254a88a4f2f3823d370035abb143d4,2026-08-21T12:28:01Z,,county_summary_pdf_v1,1.1.4,1,needs_review,https://fremontcountywy.gov/government/elections___voting.php,,,county_complete,candidate,Fremont,,,JESSE T. GROSINGER,JESSE T. GROSINGER,,209,,wy|fremont|wy-2026-primary|county_local_summary|fe4a0e6e6381cbc66280ce46581f11eb98254a88a4f2f3823d370035abb143d4|wy-2026-primary|city|fremont|lander-council-ward-2|na|candidate|JESSE T. GROSINGER|Fremont|COUNTY
wy-2026-primary,wy|fremont|wy-2026-primary|county_local_summary,Fremont,wy-2026-primary|city|fremont|lander-council-ward-2|na,LANDER COUNCIL WARD 2,Lander Council Ward 2,city,,,,city,fe4a0e6e6381cbc66280ce46581f11eb98254a88a4f2f3823d370035abb143d4,2026-08-21T12:28:01Z,,county_summary_pdf_v1,1.1.4,1,needs_review,https://fremontcountywy.gov/government/elections___voting.php,,,county_complete,write_in_aggregate,Fremont,,,,,,12,,wy|fremont|wy-2026-primary|county_local_summary|fe4a0e6e6381cbc66280ce46581f11eb98254a88a4f2f3823d370035abb143d4|wy-2026-primary|city|fremont|lander-council-ward-2|na|write_in_aggregate|write_in_aggregate|Fremont|COUNTY
wy-2026-primary,wy|fremont|wy-2026-primary|county_local_summary,Fremont,wy-2026-primary|city|fremont|lander-council-ward-3|na,LANDER COUNCIL WARD 3,Lander Council Ward 3,city,,,,city,fe4a0e6e6381cbc66280ce46581f11eb98254a88a4f2f3823d370035abb143d4,2026-08-21T12:28:01Z,,county_summary_pdf_v1,1.1.4,1,needs_review,https://fremontcountywy.gov/government/elections___voting.php,,,county_complete,candidate,Fremont,,,MICHAEL KUSIEK,MICHAEL KUSIEK,,482,,wy|fremont|wy-2026-primary|county_local_summary|fe4a0e6e6381cbc66280ce46581f11eb98254a88a4f2f3823d370035abb143d4|wy-2026-primary|city|fremont|lander-council-ward-3|na|candidate|MICHAEL KUSIEK|Fremont|COUNTY
wy-2026-primary,wy|fremont|wy-2026-primary|county_local_summary,Fremont,wy-2026-primary|city|fremont|lander-council-ward-3|na,LANDER COUNCIL WARD 3,Lander Council Ward 3,city,,,,city,fe4a0e6e6381cbc66280ce46581f11eb98254a88a4f2f3823d370035abb143d4,2026-08-21T12:28:01Z,,county_summary_pdf_v1,1.1.4,1,needs_review,https://fremontcountywy.gov/government/elections___voting.php,,,county_complete,candidate,Fremont,,,SARAH L SCHLOSSER,SARAH L SCHLOSSER,,404,,wy|fremont|wy-2026-primary|county_local_summary|fe4a0e6e6381cbc66280ce46581f11eb98254a88a4f2f3823d370035abb143d4|wy-2026-primary|city|fremont|lander-council-ward-3|na|candidate|SARAH L SCHLOSSER|Fremont|COUNTY
wy-2026-primary,wy|fremont|wy-2026-primary|county_local_summary,Fremont,wy-2026-primary|city|fremont|lander-council-ward-3|na,LANDER COUNCIL WARD 3,Lander Council Ward 3,city,,,,city,fe4a0e6e6381cbc66280ce46581f11eb98254a88a4f2f3823d370035abb143d4,2026-08-21T12:28:01Z,,county_summary_pdf_v1,1.1.4,1,needs_review,https://fremontcountywy.gov/government/elections___voting.php,,,county_complete,write_in_aggregate,Fremont,,,,,,45,,wy|fremont|wy-2026-primary|county_local_summary|fe4a0e6e6381cbc66280ce46581f11eb98254a88a4f2f3823d370035abb143d4|wy-2026-primary|city|fremont|lander-council-ward-3|na|write_in_aggregate|write_in_aggregate|Fremont|COUNTY
wy-2026-primary,wy|fremont|wy-2026-primary|county_local_summary,Fremont,wy-2026-primary|city|fremont|pavillion-mayor|na,PAVILLION MAYOR,Pavillion Mayor,city,,,,city,fe4a0e6e6381cbc66280ce46581f11eb98254a88a4f2f3823d370035abb143d4,2026-08-21T12:28:01Z,,county_summary_pdf_v1,1.1.4,1,needs_review,https://fremontcountywy.gov/government/elections___voting.php,,,county_complete,candidate,Fremont,,,LESTER R EMERSON,LESTER R EMERSON,,37,,wy|fremont|wy-2026-primary|county_local_summary|fe4a0e6e6381cbc66280ce46581f11eb98254a88a4f2f3823d370035abb143d4|wy-2026-primary|city|fremont|pavillion-mayor|na|candidate|LESTER R EMERSON|Fremont|COUNTY
wy-2026-primary,wy|fremont|wy-2026-primary|county_local_summary,Fremont,wy-2026-primary|city|fremont|pavillion-mayor|na,PAVILLION MAYOR,Pavillion Mayor,city,,,,city,fe4a0e6e6381cbc66280ce46581f11eb98254a88a4f2f3823d370035abb143d4,2026-08-21T12:28:01Z,,county_summary_pdf_v1,1.1.4,1,needs_review,https://fremontcountywy.gov/government/elections___voting.php,,,county_complete,write_in_aggregate,Fremont,,,,,,6,,wy|fremont|wy-2026-primary|county_local_summary|fe4a0e6e6381cbc66280ce46581f11eb98254a88a4f2f3823d370035abb143d4|wy-2026-primary|city|fremont|pavillion-mayor|na|write_in_aggregate|write_in_aggregate|Fremont|COUNTY
wy-2026-primary,wy|fremont|wy-2026-primary|county_local_summary,Fremont,wy-2026-primary|city|fremont|pavillion-council|na,PAVILLION COUNCIL,Pavillion Council,city,,,,city,fe4a0e6e6381cbc66280ce46581f11eb98254a88a4f2f3823d370035abb143d4,2026-08-21T12:28:01Z,,county_summary_pdf_v1,1.1.4,1,needs_review,https://fremontcountywy.gov/government/elections___voting.php,,,county_complete,candidate,Fremont,,,MANDI REYNOLDS,MANDI REYNOLDS,,32,,wy|fremont|wy-2026-primary|county_local_summary|fe4a0e6e6381cbc66280ce46581f11eb98254a88a4f2f3823d370035abb143d4|wy-2026-primary|city|fremont|pavillion-council|na|candidate|MANDI REYNOLDS|Fremont|COUNTY
wy-2026-primary,wy|fremont|wy-2026-primary|county_local_summary,Fremont,wy-2026-primary|city|fremont|pavillion-council|na,PAVILLION COUNCIL,Pavillion Council,city,,,,city,fe4a0e6e6381cbc66280ce46581f11eb98254a88a4f2f3823d370035abb143d4,2026-08-21T12:28:01Z,,county_summary_pdf_v1,1.1.4,1,needs_review,https://fremontcountywy.gov/government/elections___voting.php,,,county_complete,candidate,Fremont,,,JACQUE L STOLDT,JACQUE L STOLDT,,34,,wy|fremont|wy-2026-primary|county_local_summary|fe4a0e6e6381cbc66280ce46581f11eb98254a88a4f2f3823d370035abb143d4|wy-2026-primary|city|fremont|pavillion-council|na|candidate|JACQUE L STOLDT|Fremont|COUNTY
wy-2026-primary,wy|fremont|wy-2026-primary|county_local_summary,Fremont,wy-2026-primary|city|fremont|pavillion-council|na,PAVILLION COUNCIL,Pavillion Council,city,,,,city,fe4a0e6e6381cbc66280ce46581f11eb98254a88a4f2f3823d370035abb143d4,2026-08-21T12:28:01Z,,county_summary_pdf_v1,1.1.4,1,needs_review,https://fremontcountywy.gov/government/elections___voting.php,,,county_complete,write_in_aggregate,Fremont,,,,,,4,,wy|fremont|wy-2026-primary|county_local_summary|fe4a0e6e6381cbc66280ce46581f11eb98254a88a4f2f3823d370035abb143d4|wy-2026-primary|city|fremont|pavillion-council|na|write_in_aggregate|write_in_aggregate|Fremont|COUNTY
wy-2026-primary,wy|fremont|wy-2026-primary|county_local_summary,Fremont,wy-2026-primary|city|fremont|riverton-mayor|na,RIVERTON MAYOR,Riverton Mayor,city,,,,city,fe4a0e6e6381cbc66280ce46581f11eb98254a88a4f2f3823d370035abb143d4,2026-08-21T12:28:01Z,,county_summary_pdf_v1,1.1.4,1,needs_review,https://fremontcountywy.gov/government/elections___voting.php,,,county_complete,candidate,Fremont,,,MICHAEL V (MIKE) BAILEY,MICHAEL V (MIKE) BAILEY,,1237,,wy|fremont|wy-2026-primary|county_local_summary|fe4a0e6e6381cbc66280ce46581f11eb98254a88a4f2f3823d370035abb143d4|wy-2026-primary|city|fremont|riverton-mayor|na|candidate|MICHAEL V (MIKE) BAILEY|Fremont|COUNTY
wy-2026-primary,wy|fremont|wy-2026-primary|county_local_summary,Fremont,wy-2026-primary|city|fremont|riverton-mayor|na,RIVERTON MAYOR,Riverton Mayor,city,,,,city,fe4a0e6e6381cbc66280ce46581f11eb98254a88a4f2f3823d370035abb143d4,2026-08-21T12:28:01Z,,county_summary_pdf_v1,1.1.4,1,needs_review,https://fremontcountywy.gov/government/elections___voting.php,,,county_complete,candidate,Fremont,,,DARYL WEST,DARYL WEST,,1035,,wy|fremont|wy-2026-primary|county_local_summary|fe4a0e6e6381cbc66280ce46581f11eb98254a88a4f2f3823d370035abb143d4|wy-2026-primary|city|fremont|riverton-mayor|na|candidate|DARYL WEST|Fremont|COUNTY
wy-2026-primary,wy|fremont|wy-2026-primary|county_local_summary,Fremont,wy-2026-primary|city|fremont|riverton-mayor|na,RIVERTON MAYOR,Riverton Mayor,city,,,,city,fe4a0e6e6381cbc66280ce46581f11eb98254a88a4f2f3823d370035abb143d4,2026-08-21T12:28:01Z,,county_summary_pdf_v1,1.1.4,1,needs_review,https://fremontcountywy.gov/government/elections___voting.php,,,county_complete,write_in_aggregate,Fremont,,,,,,64,,wy|fremont|wy-2026-primary|county_local_summary|fe4a0e6e6381cbc66280ce46581f11eb98254a88a4f2f3823d370035abb143d4|wy-2026-primary|city|fremont|riverton-mayor|na|write_in_aggregate|write_in_aggregate|Fremont|COUNTY
wy-2026-primary,wy|fremont|wy-2026-primary|county_local_summary,Fremont,wy-2026-primary|city|fremont|riverton-council-ward-1|na,RIVERTON COUNCIL WARD 1,Riverton Council Ward 1,city,,,,city,fe4a0e6e6381cbc66280ce46581f11eb98254a88a4f2f3823d370035abb143d4,2026-08-21T12:28:01Z,,county_summary_pdf_v1,1.1.4,1,needs_review,https://fremontcountywy.gov/government/elections___voting.php,,,county_complete,candidate,Fremont,,,PIRAM DURAN,PIRAM DURAN,,134,,wy|fremont|wy-2026-primary|county_local_summary|fe4a0e6e6381cbc66280ce46581f11eb98254a88a4f2f3823d370035abb143d4|wy-2026-primary|city|fremont|riverton-council-ward-1|na|candidate|PIRAM DURAN|Fremont|COUNTY
wy-2026-primary,wy|fremont|wy-2026-primary|county_local_summary,Fremont,wy-2026-primary|city|fremont|riverton-council-ward-1|na,RIVERTON COUNCIL WARD 1,Riverton Council Ward 1,city,,,,city,fe4a0e6e6381cbc66280ce46581f11eb98254a88a4f2f3823d370035abb143d4,2026-08-21T12:28:01Z,,county_summary_pdf_v1,1.1.4,1,needs_review,https://fremontcountywy.gov/government/elections___voting.php,,,county_complete,candidate,Fremont,,,KYLE M. LARSON,KYLE M. LARSON,,250,,wy|fremont|wy-2026-primary|county_local_summary|fe4a0e6e6381cbc66280ce46581f11eb98254a88a4f2f3823d370035abb143d4|wy-2026-primary|city|fremont|riverton-council-ward-1|na|candidate|KYLE M. LARSON|Fremont|COUNTY
wy-2026-primary,wy|fremont|wy-2026-primary|county_local_summary,Fremont,wy-2026-primary|city|fremont|riverton-council-ward-1|na,RIVERTON COUNCIL WARD 1,Riverton Council Ward 1,city,,,,city,fe4a0e6e6381cbc66280ce46581f11eb98254a88a4f2f3823d370035abb143d4,2026-08-21T12:28:01Z,,county_summary_pdf_v1,1.1.4,1,needs_review,https://fremontcountywy.gov/government/elections___voting.php,,,county_complete,candidate,Fremont,,,LEVI SHULL,LEVI SHULL,,115,,wy|fremont|wy-2026-primary|county_local_summary|fe4a0e6e6381cbc66280ce46581f11eb98254a88a4f2f3823d370035abb143d4|wy-2026-primary|city|fremont|riverton-council-ward-1|na|candidate|LEVI SHULL|Fremont|COUNTY
wy-2026-primary,wy|fremont|wy-2026-primary|county_local_summary,Fremont,wy-2026-primary|city|fremont|riverton-council-ward-1|na,RIVERTON COUNCIL WARD 1,Riverton Council Ward 1,city,,,,city,fe4a0e6e6381cbc66280ce46581f11eb98254a88a4f2f3823d370035abb143d4,2026-08-21T12:28:01Z,,county_summary_pdf_v1,1.1.4,1,needs_review,https://fremontcountywy.gov/government/elections___voting.php,,,county_complete,write_in_aggregate,Fremont,,,,,,4,,wy|fremont|wy-2026-primary|county_local_summary|fe4a0e6e6381cbc66280ce46581f11eb98254a88a4f2f3823d370035abb143d4|wy-2026-primary|city|fremont|riverton-council-ward-1|na|write_in_aggregate|write_in_aggregate|Fremont|COUNTY
wy-2026-primary,wy|fremont|wy-2026-primary|county_local_summary,Fremont,wy-2026-primary|city|fremont|riverton-council-ward-2|na,RIVERTON COUNCIL WARD 2,Riverton Council Ward 2,city,,,,city,fe4a0e6e6381cbc66280ce46581f11eb98254a88a4f2f3823d370035abb143d4,2026-08-21T12:28:01Z,,county_summary_pdf_v1,1.1.4,1,needs_review,https://fremontcountywy.gov/government/elections___voting.php,,,county_complete,candidate,Fremont,,,CHANCEY WILCZEWSKI,CHANCEY WILCZEWSKI,,655,,wy|fremont|wy-2026-primary|county_local_summary|fe4a0e6e6381cbc66280ce46581f11eb98254a88a4f2f3823d370035abb143d4|wy-2026-primary|city|fremont|riverton-council-ward-2|na|candidate|CHANCEY WILCZEWSKI|Fremont|COUNTY
wy-2026-primary,wy|fremont|wy-2026-primary|county_local_summary,Fremont,wy-2026-primary|city|fremont|riverton-council-ward-2|na,RIVERTON COUNCIL WARD 2,Riverton Council Ward 2,city,,,,city,fe4a0e6e6381cbc66280ce46581f11eb98254a88a4f2f3823d370035abb143d4,2026-08-21T12:28:01Z,,county_summary_pdf_v1,1.1.4,1,needs_review,https://fremontcountywy.gov/government/elections___voting.php,,,county_complete,write_in_aggregate,Fremont,,,,,,13,,wy|fremont|wy-2026-primary|county_local_summary|fe4a0e6e6381cbc66280ce46581f11eb98254a88a4f2f3823d370035abb143d4|wy-2026-primary|city|fremont|riverton-council-ward-2|na|write_in_aggregate|write_in_aggregate|Fremont|COUNTY
wy-2026-primary,wy|fremont|wy-2026-primary|county_local_summary,Fremont,wy-2026-primary|city|fremont|riverton-council-ward-3|na,RIVERTON COUNCIL WARD 3,Riverton Council Ward 3,city,,,,city,fe4a0e6e6381cbc66280ce46581f11eb98254a88a4f2f3823d370035abb143d4,2026-08-21T12:28:01Z,,county_summary_pdf_v1,1.1.4,1,needs_review,https://fremontcountywy.gov/government/elections___voting.php,,,county_complete,candidate,Fremont,,,TIM HANCOCK,TIM HANCOCK,,840,,wy|fremont|wy-2026-primary|county_local_summary|fe4a0e6e6381cbc66280ce46581f11eb98254a88a4f2f3823d370035abb143d4|wy-2026-primary|city|fremont|riverton-council-ward-3|na|candidate|TIM HANCOCK|Fremont|COUNTY
wy-2026-primary,wy|fremont|wy-2026-primary|county_local_summary,Fremont,wy-2026-primary|city|fremont|riverton-council-ward-3|na,RIVERTON COUNCIL WARD 3,Riverton Council Ward 3,city,,,,city,fe4a0e6e6381cbc66280ce46581f11eb98254a88a4f2f3823d370035abb143d4,2026-08-21T12:28:01Z,,county_summary_pdf_v1,1.1.4,1,needs_review,https://fremontcountywy.gov/government/elections___voting.php,,,county_complete,write_in_aggregate,Fremont,,,,,,47,,wy|fremont|wy-2026-primary|county_local_summary|fe4a0e6e6381cbc66280ce46581f11eb98254a88a4f2f3823d370035abb143d4|wy-2026-primary|city|fremont|riverton-council-ward-3|na|write_in_aggregate|write_in_aggregate|Fremont|COUNTY
wy-2026-primary,wy|fremont|wy-2026-primary|county_local_summary,Fremont,wy-2026-primary|city|fremont|shoshoni-mayor|na,SHOSHONI MAYOR,Shoshoni Mayor,city,,,,city,fe4a0e6e6381cbc66280ce46581f11eb98254a88a4f2f3823d370035abb143d4,2026-08-21T12:28:01Z,,county_summary_pdf_v1,1.1.4,1,needs_review,https://fremontcountywy.gov/government/elections___voting.php,,,county_complete,candidate,Fremont,,,RONALD W. ANKENY,RONALD W. ANKENY,,61,,wy|fremont|wy-2026-primary|county_local_summary|fe4a0e6e6381cbc66280ce46581f11eb98254a88a4f2f3823d370035abb143d4|wy-2026-primary|city|fremont|shoshoni-mayor|na|candidate|RONALD W. ANKENY|Fremont|COUNTY
wy-2026-primary,wy|fremont|wy-2026-primary|county_local_summary,Fremont,wy-2026-primary|city|fremont|shoshoni-mayor|na,SHOSHONI MAYOR,Shoshoni Mayor,city,,,,city,fe4a0e6e6381cbc66280ce46581f11eb98254a88a4f2f3823d370035abb143d4,2026-08-21T12:28:01Z,,county_summary_pdf_v1,1.1.4,1,needs_review,https://fremontcountywy.gov/government/elections___voting.php,,,county_complete,candidate,Fremont,,,JOEL HIGHSMITH,JOEL HIGHSMITH,,50,,wy|fremont|wy-2026-primary|county_local_summary|fe4a0e6e6381cbc66280ce46581f11eb98254a88a4f2f3823d370035abb143d4|wy-2026-primary|city|fremont|shoshoni-mayor|na|candidate|JOEL HIGHSMITH|Fremont|COUNTY
wy-2026-primary,wy|fremont|wy-2026-primary|county_local_summary,Fremont,wy-2026-primary|city|fremont|shoshoni-mayor|na,SHOSHONI MAYOR,Shoshoni Mayor,city,,,,city,fe4a0e6e6381cbc66280ce46581f11eb98254a88a4f2f3823d370035abb143d4,2026-08-21T12:28:01Z,,county_summary_pdf_v1,1.1.4,1,needs_review,https://fremontcountywy.gov/government/elections___voting.php,,,county_complete,candidate,Fremont,,,JORDAN A. WHITENER,JORDAN A. WHITENER,,74,,wy|fremont|wy-2026-primary|county_local_summary|fe4a0e6e6381cbc66280ce46581f11eb98254a88a4f2f3823d370035abb143d4|wy-2026-primary|city|fremont|shoshoni-mayor|na|candidate|JORDAN A. WHITENER|Fremont|COUNTY
wy-2026-primary,wy|fremont|wy-2026-primary|county_local_summary,Fremont,wy-2026-primary|city|fremont|shoshoni-mayor|na,SHOSHONI MAYOR,Shoshoni Mayor,city,,,,city,fe4a0e6e6381cbc66280ce46581f11eb98254a88a4f2f3823d370035abb143d4,2026-08-21T12:28:01Z,,county_summary_pdf_v1,1.1.4,1,needs_review,https://fremontcountywy.gov/government/elections___voting.php,,,county_complete,write_in_aggregate,Fremont,,,,,,3,,wy|fremont|wy-2026-primary|county_local_summary|fe4a0e6e6381cbc66280ce46581f11eb98254a88a4f2f3823d370035abb143d4|wy-2026-primary|city|fremont|shoshoni-mayor|na|write_in_aggregate|write_in_aggregate|Fremont|COUNTY
wy-2026-primary,wy|fremont|wy-2026-primary|county_local_summary,Fremont,wy-2026-primary|city|fremont|shoshoni-council|na,SHOSHONI COUNCIL,Shoshoni Council,city,,,,city,fe4a0e6e6381cbc66280ce46581f11eb98254a88a4f2f3823d370035abb143d4,2026-08-21T12:28:01Z,,county_summary_pdf_v1,1.1.4,1,needs_review,https://fremontcountywy.gov/government/elections___voting.php,,,county_complete,candidate,Fremont,,,TAMMIE A. HARDTKE,TAMMIE A. HARDTKE,,76,,wy|fremont|wy-2026-primary|county_local_summary|fe4a0e6e6381cbc66280ce46581f11eb98254a88a4f2f3823d370035abb143d4|wy-2026-primary|city|fremont|shoshoni-council|na|candidate|TAMMIE A. HARDTKE|Fremont|COUNTY
wy-2026-primary,wy|fremont|wy-2026-primary|county_local_summary,Fremont,wy-2026-primary|city|fremont|shoshoni-council|na,SHOSHONI COUNCIL,Shoshoni Council,city,,,,city,fe4a0e6e6381cbc66280ce46581f11eb98254a88a4f2f3823d370035abb143d4,2026-08-21T12:28:01Z,,county_summary_pdf_v1,1.1.4,1,needs_review,https://fremontcountywy.gov/government/elections___voting.php,,,county_complete,candidate,Fremont,,,LINDA (KAT) MANZ,LINDA (KAT) MANZ,,73,,wy|fremont|wy-2026-primary|county_local_summary|fe4a0e6e6381cbc66280ce46581f11eb98254a88a4f2f3823d370035abb143d4|wy-2026-primary|city|fremont|shoshoni-council|na|candidate|LINDA (KAT) MANZ|Fremont|COUNTY
wy-2026-primary,wy|fremont|wy-2026-primary|county_local_summary,Fremont,wy-2026-primary|city|fremont|shoshoni-council|na,SHOSHONI COUNCIL,Shoshoni Council,city,,,,city,fe4a0e6e6381cbc66280ce46581f11eb98254a88a4f2f3823d370035abb143d4,2026-08-21T12:28:01Z,,county_summary_pdf_v1,1.1.4,1,needs_review,https://fremontcountywy.gov/government/elections___voting.php,,,county_complete,candidate,Fremont,,,JENNIFER Y SCHANNO,JENNIFER Y SCHANNO,,35,,wy|fremont|wy-2026-primary|county_local_summary|fe4a0e6e6381cbc66280ce46581f11eb98254a88a4f2f3823d370035abb143d4|wy-2026-primary|city|fremont|shoshoni-council|na|candidate|JENNIFER Y SCHANNO|Fremont|COUNTY
wy-2026-primary,wy|fremont|wy-2026-primary|county_local_summary,Fremont,wy-2026-primary|city|fremont|shoshoni-council|na,SHOSHONI COUNCIL,Shoshoni Council,city,,,,city,fe4a0e6e6381cbc66280ce46581f11eb98254a88a4f2f3823d370035abb143d4,2026-08-21T12:28:01Z,,county_summary_pdf_v1,1.1.4,1,needs_review,https://fremontcountywy.gov/government/elections___voting.php,,,county_complete,candidate,Fremont,,,JACOB Z STETLER,JACOB Z STETLER,,108,,wy|fremont|wy-2026-primary|county_local_summary|fe4a0e6e6381cbc66280ce46581f11eb98254a88a4f2f3823d370035abb143d4|wy-2026-primary|city|fremont|shoshoni-council|na|candidate|JACOB Z STETLER|Fremont|COUNTY
wy-2026-primary,wy|fremont|wy-2026-primary|county_local_summary,Fremont,wy-2026-primary|city|fremont|shoshoni-council|na,SHOSHONI COUNCIL,Shoshoni Council,city,,,,city,fe4a0e6e6381cbc66280ce46581f11eb98254a88a4f2f3823d370035abb143d4,2026-08-21T12:28:01Z,,county_summary_pdf_v1,1.1.4,1,needs_review,https://fremontcountywy.gov/government/elections___voting.php,,,county_complete,write_in_aggregate,Fremont,,,,,,23,,wy|fremont|wy-2026-primary|county_local_summary|fe4a0e6e6381cbc66280ce46581f11eb98254a88a4f2f3823d370035abb143d4|wy-2026-primary|city|fremont|shoshoni-council|na|write_in_aggregate|write_in_aggregate|Fremont|COUNTY
