county,election_year,district_precinct,precinct_name,polling_place_location,street_address,city,state,zip,full_address,senate_district,house_district,status,source_file,source_note
Converse,2026,1-1,Lost Springs,Eastern Wyoming College,800 S. Wind River Drive,Douglas,WY,82633,"800 S. Wind River Drive, Douglas, WY 82633",SD 2,HD 6,verified from county PDF; ZIP completed by city/state,2026 CONVERSE COUNTY POLLING LOCATIONS.pdf,Uploaded Converse County official polling locations PDF; ZIP codes added from city/state for app-ready addresses.
Converse,2026,2-2,Orin,Douglas Rec Center,1701 Hamilton Street,Douglas,WY,82633,"1701 Hamilton Street, Douglas, WY 82633",SD 2,HD 6,verified from county PDF; ZIP completed by city/state,2026 CONVERSE COUNTY POLLING LOCATIONS.pdf,Uploaded Converse County official polling locations PDF; ZIP codes added from city/state for app-ready addresses.
Converse,2026,3-1,Guthrie,Eastern Wyoming College,800 S. Wind River Drive,Douglas,WY,82633,"800 S. Wind River Drive, Douglas, WY 82633",SD 2,HD 6,verified from county PDF; ZIP completed by city/state,2026 CONVERSE COUNTY POLLING LOCATIONS.pdf,Uploaded Converse County official polling locations PDF; ZIP codes added from city/state for app-ready addresses.
Converse,2026,4-4,Rural Douglas,Douglas Rec Center,1701 Hamilton Street,Douglas,WY,82633,"1701 Hamilton Street, Douglas, WY 82633",SD 2,HD 6,verified from county PDF; ZIP completed by city/state,2026 CONVERSE COUNTY POLLING LOCATIONS.pdf,Uploaded Converse County official polling locations PDF; ZIP codes added from city/state for app-ready addresses.
Converse,2026,6-6,Boxelder,Glenrock Rec Center,412 S. 4th Street,Glenrock,WY,82637,"412 S. 4th Street, Glenrock, WY 82637",SD 2,HD 62,verified from county PDF; ZIP completed by city/state,2026 CONVERSE COUNTY POLLING LOCATIONS.pdf,Uploaded Converse County official polling locations PDF; ZIP codes added from city/state for app-ready addresses.
Converse,2026,7-7,LaPrele,Douglas Rec Center,1701 Hamilton Street,Douglas,WY,82633,"1701 Hamilton Street, Douglas, WY 82633",SD 2,HD 6,verified from county PDF; ZIP completed by city/state,2026 CONVERSE COUNTY POLLING LOCATIONS.pdf,Uploaded Converse County official polling locations PDF; ZIP codes added from city/state for app-ready addresses.
Converse,2026,8-8,East Antelope,Eastern Wyoming College,800 S. Wind River Drive,Douglas,WY,82633,"800 S. Wind River Drive, Douglas, WY 82633",SD 2,HD 6,verified from county PDF; ZIP completed by city/state,2026 CONVERSE COUNTY POLLING LOCATIONS.pdf,Uploaded Converse County official polling locations PDF; ZIP codes added from city/state for app-ready addresses.
Converse,2026,9-1,East Glenrock,Glenrock Rec Center,412 S. 4th Street,Glenrock,WY,82637,"412 S. 4th Street, Glenrock, WY 82637",SD 2,HD 62,verified from county PDF; ZIP completed by city/state,2026 CONVERSE COUNTY POLLING LOCATIONS.pdf,Uploaded Converse County official polling locations PDF; ZIP codes added from city/state for app-ready addresses.
Converse,2026,9-2,West Glenrock,Glenrock Rec Center,412 S. 4th Street,Glenrock,WY,82637,"412 S. 4th Street, Glenrock, WY 82637",SD 2,HD 62,verified from county PDF; ZIP completed by city/state,2026 CONVERSE COUNTY POLLING LOCATIONS.pdf,Uploaded Converse County official polling locations PDF; ZIP codes added from city/state for app-ready addresses.
Converse,2026,10-10,Rural Glenrock,Glenrock Rec Center,412 S. 4th Street,Glenrock,WY,82637,"412 S. 4th Street, Glenrock, WY 82637",SD 2,HD 62,verified from county PDF; ZIP completed by city/state,2026 CONVERSE COUNTY POLLING LOCATIONS.pdf,Uploaded Converse County official polling locations PDF; ZIP codes added from city/state for app-ready addresses.
Converse,2026,11-11,Rolling Hills,Glenrock Rec Center,412 S. 4th Street,Glenrock,WY,82637,"412 S. 4th Street, Glenrock, WY 82637",SD 2,HD 62,verified from county PDF; ZIP completed by city/state,2026 CONVERSE COUNTY POLLING LOCATIONS.pdf,Uploaded Converse County official polling locations PDF; ZIP codes added from city/state for app-ready addresses.
Converse,2026,13-13,Dry Creek,Dry Creek Hall,3549 Hwy. 59,Douglas,WY,82633,"3549 Hwy. 59, Douglas, WY 82633",SD 2,HD 6,verified from county PDF; ZIP completed by city/state,2026 CONVERSE COUNTY POLLING LOCATIONS.pdf,Uploaded Converse County official polling locations PDF; ZIP codes added from city/state for app-ready addresses.
Converse,2026,20-20,Orpha,Douglas Rec Center,1701 Hamilton Street,Douglas,WY,82633,"1701 Hamilton Street, Douglas, WY 82633",SD 2,HD 6,verified from county PDF; ZIP completed by city/state,2026 CONVERSE COUNTY POLLING LOCATIONS.pdf,Uploaded Converse County official polling locations PDF; ZIP codes added from city/state for app-ready addresses.
Converse,2026,23-1,Northeast Douglas,Douglas Rec Center,1701 Hamilton Street,Douglas,WY,82633,"1701 Hamilton Street, Douglas, WY 82633",SD 2,HD 6,verified from county PDF; ZIP completed by city/state,2026 CONVERSE COUNTY POLLING LOCATIONS.pdf,Uploaded Converse County official polling locations PDF; ZIP codes added from city/state for app-ready addresses.
Converse,2026,23-2,Northwest Douglas,Douglas Rec Center,1701 Hamilton Street,Douglas,WY,82633,"1701 Hamilton Street, Douglas, WY 82633",SD 2,HD 6,verified from county PDF; ZIP completed by city/state,2026 CONVERSE COUNTY POLLING LOCATIONS.pdf,Uploaded Converse County official polling locations PDF; ZIP codes added from city/state for app-ready addresses.
Converse,2026,23-3,Southwest Douglas,Douglas Rec Center,1701 Hamilton Street,Douglas,WY,82633,"1701 Hamilton Street, Douglas, WY 82633",SD 2,HD 6,verified from county PDF; ZIP completed by city/state,2026 CONVERSE COUNTY POLLING LOCATIONS.pdf,Uploaded Converse County official polling locations PDF; ZIP codes added from city/state for app-ready addresses.
Converse,2026,23-4,Courthouse,Douglas Rec Center,1701 Hamilton Street,Douglas,WY,82633,"1701 Hamilton Street, Douglas, WY 82633",SD 2,HD 6,verified from county PDF; ZIP completed by city/state,2026 CONVERSE COUNTY POLLING LOCATIONS.pdf,Uploaded Converse County official polling locations PDF; ZIP codes added from city/state for app-ready addresses.
Converse,2026,23-5,South Douglas,Douglas Rec Center,1701 Hamilton Street,Douglas,WY,82633,"1701 Hamilton Street, Douglas, WY 82633",SD 2,HD 6,verified from county PDF; ZIP completed by city/state,2026 CONVERSE COUNTY POLLING LOCATIONS.pdf,Uploaded Converse County official polling locations PDF; ZIP codes added from city/state for app-ready addresses.
Converse,2026,23-6,Fairview,Douglas Rec Center,1701 Hamilton Street,Douglas,WY,82633,"1701 Hamilton Street, Douglas, WY 82633",SD 2,HD 6,verified from county PDF; ZIP completed by city/state,2026 CONVERSE COUNTY POLLING LOCATIONS.pdf,Uploaded Converse County official polling locations PDF; ZIP codes added from city/state for app-ready addresses.
